{
  "AWSEBDockerrunVersion": "2",
  "containerDefinitions": [
    {
      "name": "app",
      "image": "hassmo/beego-tutorial",
      "essential": true,
      "memory": 512,
      "portMappings": [
        {
          "hostPort": 80,
          "containerPort": 8080
        }
      ],
      "logConfiguration": {
        "logDriver": "awslogs",
        "options": {
          "awslogs-region": "us-east-2",
          "awslogs-group": "/aws/elasticbeanstalk/beego-tutorial-ogido"
        }
      },
      "environment": [
        { "name" : "AWS_XRAY_TRACING_NAME", "value" : "beego-tutorial" },
        { "name" : "AWS_XRAY_DAEMON_ADDRESS", "value" : "xray-daemon:2000" }
      ],
      "links": [
        "xray-daemon"
      ]
    },
    {
      "name": "xray-daemon",
      "image": "amazon/aws-xray-daemon",
      "cpu": 32,
      "memoryReservation": 256,
      "portMappings" : [
        {
          "hostPort": 0,
          "containerPort": 2000,
          "protocol": "udp"
        }
      ]
    }
  ]
}
